{
  "token_address": "0xb470f063ff49F2a416a5150DaaAA76aD0B5E6838",
  "timeframe": "all",
  "timestamp": "2025-09-08T01:12:41.913105",
  "metrics": {
    "total_trades": 358,
    "buy_trades": 71,
    "sell_trades": 287,
    "total_volume_wei": 901943519141024230195,
    "buy_volume_wei": 415048959889036066597,
    "sell_volume_wei": 486894559251988163598,
    "total_volume_mon": 901.9435191410242,
    "buy_volume_mon": 415.0489598890361,
    "sell_volume_mon": 486.89455925198814,
    "avg_trade_size_mon": 2.5193953048631963,
    "largest_trade_mon": 89.16347413260031,
    "buy_pressure_percent": 46.01717857946499,
    "sell_pressure_percent": 53.98282142053501
  },
  "raw_trades_count": 358
}